Review Site,Ski Area,Review Star Rating (out of 5)
Tripadvisor,Whitefish,5
Tripadvisor,Whitefish,5
Tripadvisor,Whitefish,4
Tripadvisor,Whitefish,4
Tripadvisor,Whitefish,4
Tripadvisor,Whitefish,3
Tripadvisor,Whitefish,4
Tripadvisor,Whitefish,4
Tripadvisor,Whitefish,3
Tripadvisor,Whitefish,4
Tripadvisor,Whitefish,3
Tripadvisor,Whitefish,3
Tripadvisor,Whitefish,3
Tripadvisor,Whitefish,4
Tripadvisor,Whitefish,4
Tripadvisor,Whitefish,2
Tripadvisor,Whitefish,3
Tripadvisor,Whitefish,3
Tripadvisor,Whitefish,4
Tripadvisor,Whitefish,2
Tripadvisor,Whitefish,4
Tripadvisor,Whitefish,4
Tripadvisor,Whitefish,4
Tripadvisor,Whitefish,4
Tripadvisor,Whitefish,5
Tripadvisor,Whitefish,5
Tripadvisor,Whitefish,5
Tripadvisor,Whitefish,4
Tripadvisor,Whitefish,4
Tripadvisor,Whitefish,4
Tripadvisor,Whitefish,4
Tripadvisor,Whitefish,5
Tripadvisor,Whitefish,5
Tripadvisor,Whitefish,4
Tripadvisor,Whitefish,4
Tripadvisor,Whitefish,4
Tripadvisor,Whitefish,4
Tripadvisor,Whitefish,5
Tripadvisor,Whitefish,4
Tripadvisor,Whitefish,4
Tripadvisor,Whitefish,4
Tripadvisor,Whitefish,3
Tripadvisor,Whitefish,3
Tripadvisor,Whitefish,4
Tripadvisor,Whitefish,4
Tripadvisor,Whitefish,3
Tripadvisor,Whitefish,3
Tripadvisor,Whitefish,3
Tripadvisor,Whitefish,3
Tripadvisor,Whitefish,3
Tripadvisor,Whitefish,4
Tripadvisor,Whitefish,4
Tripadvisor,Whitefish,4
Tripadvisor,Whitefish,4
Tripadvisor,Whitefish,4
Tripadvisor,Whitefish,5
Tripadvisor,Whitefish,4
Tripadvisor,Whitefish,5
Tripadvisor,Whitefish,4
Tripadvisor,Whitefish,4
Tripadvisor,Whitefish,5
Tripadvisor,Whitefish,4
Tripadvisor,Whitefish,4
Tripadvisor,Whitefish,4
Tripadvisor,Whitefish,4
Tripadvisor,Whitefish,4
Tripadvisor,Whitefish,5
Tripadvisor,Whitefish,4
Tripadvisor,Whitefish,4
Tripadvisor,Whitefish,3
Tripadvisor,Whitefish,3
Tripadvisor,Whitefish,4
Tripadvisor,Whitefish,3
Tripadvisor,Whitefish,3
Tripadvisor,Whitefish,3
Tripadvisor,Whitefish,4
Tripadvisor,Whitefish,5
Tripadvisor,Whitefish,4
Tripadvisor,Whitefish,4
Tripadvisor,Whitefish,4
Tripadvisor,Whitefish,4
Tripadvisor,Whitefish,3
Tripadvisor,Whitefish,4
Tripadvisor,Whitefish,4
Tripadvisor,Whitefish,3
Tripadvisor,Whitefish,4
Tripadvisor,Whitefish,5
Tripadvisor,Whitefish,5
Tripadvisor,Whitefish,4
Tripadvisor,Whitefish,3
Tripadvisor,Whitefish,3
Tripadvisor,Whitefish,4
Tripadvisor,Whitefish,3
Tripadvisor,Whitefish,4
Tripadvisor,Whitefish,3
Tripadvisor,Whitefish,4
Tripadvisor,Whitefish,4
Tripadvisor,Whitefish,5
Tripadvisor,Whitefish,4
Tripadvisor,Whitefish,2
Tripadvisor,Whitefish,3
Tripadvisor,Whitefish,3
Tripadvisor,Whitefish,3
Tripadvisor,Whitefish,3
Tripadvisor,Whitefish,2
Tripadvisor,Whitefish,3
Tripadvisor,Whitefish,5
Tripadvisor,Whitefish,4
Tripadvisor,Whitefish,4
Tripadvisor,Whitefish,5
Tripadvisor,Whitefish,3
Tripadvisor,Whitefish,4
Tripadvisor,Whitefish,4
Tripadvisor,Whitefish,4
Tripadvisor,Whitefish,5
Tripadvisor,Whitefish,5
Tripadvisor,Whitefish,4
Tripadvisor,Whitefish,3
Tripadvisor,Whitefish,3
Tripadvisor,Whitefish,3
Tripadvisor,Whitefish,4
Tripadvisor,Whitefish,4
Tripadvisor,Whitefish,4
Tripadvisor,Whitefish,5
Tripadvisor,Whitefish,4
Tripadvisor,Whitefish,4
Tripadvisor,Whitefish,3
Tripadvisor,Whitefish,3
Tripadvisor,Whitefish,4
Tripadvisor,Whitefish,4
Tripadvisor,Whitefish,4
Tripadvisor,Whitefish,3
Tripadvisor,Whitefish,3
Tripadvisor,Whitefish,4
Tripadvisor,Whitefish,4
Tripadvisor,Whitefish,2
Tripadvisor,Whitefish,3
Tripadvisor,Whitefish,4
Tripadvisor,Whitefish,4
Tripadvisor,Whitefish,4
Tripadvisor,Whitefish,4
Tripadvisor,Whitefish,3
Tripadvisor,Whitefish,4
Tripadvisor,Whitefish,5
Tripadvisor,Whitefish,4
Tripadvisor,Whitefish,4
Tripadvisor,Whitefish,2
Tripadvisor,Whitefish,3
Tripadvisor,Whitefish,3
Tripadvisor,Whitefish,3
Tripadvisor,Whitefish,4
Tripadvisor,Whitefish,3
Tripadvisor,Whitefish,4
Tripadvisor,Whitefish,3
Tripadvisor,Whitefish,3
Tripadvisor,Whitefish,3
Tripadvisor,Whitefish,3
Tripadvisor,Whitefish,4
Tripadvisor,Whitefish,3
Tripadvisor,Whitefish,4
Tripadvisor,Whitefish,4
Tripadvisor,Whitefish,5
Tripadvisor,Whitefish,3
Tripadvisor,Whitefish,5
Tripadvisor,Whitefish,4
Tripadvisor,Whitefish,5
Tripadvisor,Whitefish,4
Tripadvisor,Whitefish,5
Tripadvisor,Whitefish,4
Tripadvisor,Whitefish,5
Tripadvisor,Whitefish,4
Tripadvisor,Whitefish,4
Tripadvisor,Whitefish,4
Tripadvisor,Whitefish,5
Tripadvisor,Whitefish,4
Tripadvisor,Whitefish,4
Tripadvisor,Whitefish,4
Tripadvisor,Whitefish,3
Tripadvisor,Whitefish,3
Tripadvisor,Whitefish,3
Tripadvisor,Whitefish,2
Tripadvisor,Whitefish,4
Tripadvisor,Whitefish,3
Tripadvisor,Whitefish,4
Tripadvisor,Whitefish,4
Tripadvisor,Whitefish,5
Tripadvisor,Whitefish,5
Tripadvisor,Whitefish,5
Tripadvisor,Whitefish,5
Tripadvisor,Whitefish,5
Tripadvisor,Whitefish,4
Tripadvisor,Whitefish,5
Tripadvisor,Whitefish,3
Tripadvisor,Whitefish,4
Tripadvisor,Whitefish,4
Tripadvisor,Whitefish,3
Tripadvisor,Whitefish,4
Tripadvisor,Whitefish,4
Tripadvisor,Whitefish,5
Tripadvisor,Whitefish,5
Tripadvisor,Whitefish,4
Tripadvisor,Whitefish,3
Tripadvisor,Whitefish,4
Tripadvisor,Whitefish,4
Tripadvisor,Whitefish,5
Tripadvisor,Whitefish,5
Tripadvisor,Whitefish,5
Tripadvisor,Whitefish,5
Tripadvisor,Whitefish,5
Tripadvisor,Whitefish,4
Tripadvisor,Whitefish,4
Tripadvisor,Whitefish,5
Tripadvisor,Whitefish,5
Tripadvisor,Whitefish,5
Tripadvisor,Whitefish,4
Tripadvisor,Whitefish,5
Tripadvisor,Whitefish,5
Tripadvisor,Whitefish,4
Tripadvisor,Whitefish,5
Tripadvisor,Whitefish,5
Tripadvisor,Whitefish,4
Tripadvisor,Whitefish,5
Tripadvisor,Whitefish,5
Tripadvisor,Whitefish,4
Tripadvisor,Whitefish,5
Tripadvisor,Whitefish,4
Tripadvisor,Whitefish,4
Tripadvisor,Whitefish,5
Tripadvisor,Whitefish,5
Tripadvisor,Whitefish,4
Tripadvisor,Whitefish,5
Tripadvisor,Whitefish,5
Tripadvisor,Whitefish,5
Tripadvisor,Whitefish,5
Tripadvisor,Whitefish,5
Tripadvisor,Snowbowl,5
Tripadvisor,Snowbowl,5
Tripadvisor,Snowbowl,3
Tripadvisor,Snowbowl,4
Tripadvisor,Snowbowl,4
Tripadvisor,Red Lodge,4
Tripadvisor,Red Lodge,5
Tripadvisor,Red Lodge,4
Tripadvisor,Red Lodge,4
Tripadvisor,Red Lodge,5
Tripadvisor,Red Lodge,5
Tripadvisor,Red Lodge,3
Tripadvisor,Red Lodge,3
Tripadvisor,Red Lodge,3
Tripadvisor,Red Lodge,3
Tripadvisor,Red Lodge,3
Tripadvisor,Red Lodge,4
Tripadvisor,Red Lodge,3
Tripadvisor,Red Lodge,1
Tripadvisor,Red Lodge,3
Tripadvisor,Red Lodge,4
Tripadvisor,Red Lodge,4
Tripadvisor,Red Lodge,3
Tripadvisor,Red Lodge,3
Tripadvisor,Red Lodge,3
Tripadvisor,Red Lodge,4
Tripadvisor,Red Lodge,5
Tripadvisor,Red Lodge,4
Tripadvisor,Red Lodge,3
Tripadvisor,Red Lodge,4
Tripadvisor,Red Lodge,3
Tripadvisor,Red Lodge,3
Tripadvisor,Red Lodge,4
Tripadvisor,Red Lodge,4
Tripadvisor,Red Lodge,3
Tripadvisor,Red Lodge,3
Tripadvisor,Red Lodge,4
Tripadvisor,Red Lodge,4
Tripadvisor,Red Lodge,4
Tripadvisor,Red Lodge,4
Tripadvisor,Red Lodge,4
Tripadvisor,Red Lodge,4
Tripadvisor,Red Lodge,3
Tripadvisor,Red Lodge,3
Tripadvisor,Red Lodge,2
Tripadvisor,Red Lodge,3
Tripadvisor,Red Lodge,1
Tripadvisor,Red Lodge,1
Tripadvisor,Red Lodge,3
Tripadvisor,Red Lodge,2
Tripadvisor,Red Lodge,3
Tripadvisor,Red Lodge,4
Tripadvisor,Red Lodge,1
Tripadvisor,Red Lodge,3
Tripadvisor,Red Lodge,3
Tripadvisor,Red Lodge,3
Tripadvisor,Red Lodge,4
Tripadvisor,Red Lodge,4
Tripadvisor,Red Lodge,5
Tripadvisor,Red Lodge,3
Tripadvisor,Red Lodge,1
Tripadvisor,Red Lodge,3
Tripadvisor,Red Lodge,2
Tripadvisor,Red Lodge,4
Tripadvisor,Red Lodge,2
Tripadvisor,Red Lodge,4
Tripadvisor,Red Lodge,5
Tripadvisor,Red Lodge,5
Tripadvisor,Red Lodge,5
Tripadvisor,Red Lodge,4
Tripadvisor,Red Lodge,5
Tripadvisor,Red Lodge,3
Tripadvisor,Red Lodge,5
Tripadvisor,Red Lodge,3
Tripadvisor,Red Lodge,4
Tripadvisor,Red Lodge,4
Tripadvisor,Red Lodge,5
Tripadvisor,Red Lodge,4
Tripadvisor,Red Lodge,5
Tripadvisor,Red Lodge,5
Tripadvisor,Red Lodge,4
Tripadvisor,Red Lodge,3
Tripadvisor,Red Lodge,5
Tripadvisor,Red Lodge,3
Tripadvisor,Red Lodge,3
Tripadvisor,Red Lodge,5
Tripadvisor,Red Lodge,4
Tripadvisor,Red Lodge,5
Tripadvisor,Red Lodge,4
Tripadvisor,Red Lodge,3
Tripadvisor,Red Lodge,3
Tripadvisor,Red Lodge,4
Tripadvisor,Red Lodge,2
Tripadvisor,Red Lodge,5
Tripadvisor,Red Lodge,4
Tripadvisor,Red Lodge,5
Tripadvisor,Red Lodge,4
Tripadvisor,Red Lodge,4
Tripadvisor,Red Lodge,5
Tripadvisor,Red Lodge,3
Tripadvisor,Red Lodge,4
Tripadvisor,Red Lodge,4
Tripadvisor,Red Lodge,5
Tripadvisor,Red Lodge,3
Tripadvisor,Red Lodge,5
Tripadvisor,Red Lodge,3
Tripadvisor,Red Lodge,3
Tripadvisor,Red Lodge,1
Tripadvisor,Red Lodge,3
Tripadvisor,Red Lodge,2
Tripadvisor,Red Lodge,3
Tripadvisor,Red Lodge,3
Tripadvisor,Red Lodge,4
Tripadvisor,Red Lodge,4
Tripadvisor,Red Lodge,3
Tripadvisor,Red Lodge,2
Tripadvisor,Red Lodge,3
Tripadvisor,Red Lodge,5
Tripadvisor,Red Lodge,5
Tripadvisor,Red Lodge,5
Tripadvisor,Red Lodge,5
Tripadvisor,Red Lodge,4
Tripadvisor,Red Lodge,4
Tripadvisor,Red Lodge,3
Tripadvisor,Red Lodge,3
Tripadvisor,Red Lodge,4
Tripadvisor,Red Lodge,3
Tripadvisor,Red Lodge,5
Tripadvisor,Red Lodge,4
Tripadvisor,Red Lodge,3
Tripadvisor,Red Lodge,2
Tripadvisor,Red Lodge,2
Tripadvisor,Red Lodge,3
Tripadvisor,Red Lodge,4
Tripadvisor,Red Lodge,5
Tripadvisor,Red Lodge,4
Tripadvisor,Red Lodge,4
Tripadvisor,Red Lodge,3
Tripadvisor,Red Lodge,5
Tripadvisor,Red Lodge,4
Tripadvisor,Red Lodge,3
Tripadvisor,Red Lodge,4
Tripadvisor,Red Lodge,4
Tripadvisor,Red Lodge,2
Tripadvisor,Red Lodge,3
Tripadvisor,Red Lodge,2
Tripadvisor,Red Lodge,4
Tripadvisor,Red Lodge,3
Tripadvisor,Red Lodge,3
Tripadvisor,Red Lodge,3
Tripadvisor,Red Lodge,4
Tripadvisor,Red Lodge,3
Tripadvisor,Red Lodge,3
Tripadvisor,Red Lodge,4
Tripadvisor,Red Lodge,3
Tripadvisor,Red Lodge,4
Tripadvisor,Red Lodge,4
Tripadvisor,Red Lodge,3
Tripadvisor,Red Lodge,4
Tripadvisor,Red Lodge,4
Tripadvisor,Red Lodge,4
Tripadvisor,Red Lodge,3
Tripadvisor,Red Lodge,5
Tripadvisor,Red Lodge,3
Tripadvisor,Red Lodge,4
Tripadvisor,Red Lodge,5
Tripadvisor,Red Lodge,4
Tripadvisor,Red Lodge,2
Tripadvisor,Red Lodge,4
Tripadvisor,Red Lodge,5
Tripadvisor,Red Lodge,5
Tripadvisor,Red Lodge,5
Tripadvisor,Red Lodge,4
Tripadvisor,Red Lodge,3
Tripadvisor,Red Lodge,4
Tripadvisor,Red Lodge,3
Tripadvisor,Red Lodge,3
Tripadvisor,Red Lodge,3
Tripadvisor,Red Lodge,4
Tripadvisor,Red Lodge,5
Tripadvisor,Red Lodge,4
Tripadvisor,Red Lodge,5
Tripadvisor,Red Lodge,4
Tripadvisor,Red Lodge,3
Tripadvisor,Red Lodge,2
Tripadvisor,Red Lodge,3
Tripadvisor,Red Lodge,3
Tripadvisor,Red Lodge,4
Tripadvisor,Red Lodge,4
Tripadvisor,Red Lodge,4
Tripadvisor,Red Lodge,4
Tripadvisor,Red Lodge,2
Tripadvisor,Red Lodge,3
Tripadvisor,Red Lodge,3
Tripadvisor,Red Lodge,4
Tripadvisor,Red Lodge,4
Tripadvisor,Red Lodge,4
Tripadvisor,Red Lodge,3
Tripadvisor,Red Lodge,3
Tripadvisor,Red Lodge,3
Tripadvisor,Red Lodge,4
Tripadvisor,Red Lodge,3
Tripadvisor,Red Lodge,4
Tripadvisor,Red Lodge,4
Tripadvisor,Red Lodge,4
Tripadvisor,Red Lodge,5
Tripadvisor,Red Lodge,3
Tripadvisor,Red Lodge,3
Tripadvisor,Red Lodge,4
Tripadvisor,Red Lodge,5
Tripadvisor,Red Lodge,5
Tripadvisor,Red Lodge,4
Tripadvisor,Red Lodge,3
Tripadvisor,Red Lodge,3
Tripadvisor,Red Lodge,5
Tripadvisor,Red Lodge,5
Tripadvisor,Red Lodge,4
Tripadvisor,Red Lodge,4
Tripadvisor,Red Lodge,3
Tripadvisor,Red Lodge,4
Tripadvisor,Red Lodge,4
Tripadvisor,Red Lodge,4
Tripadvisor,Red Lodge,4
Tripadvisor,Red Lodge,5
Tripadvisor,Red Lodge,5
Tripadvisor,Red Lodge,4
Tripadvisor,Red Lodge,4
Tripadvisor,Red Lodge,5
Tripadvisor,Red Lodge,5
Tripadvisor,Red Lodge,4
Tripadvisor,Red Lodge,4
Tripadvisor,Red Lodge,3
Tripadvisor,Red Lodge,3
Tripadvisor,Red Lodge,4
Tripadvisor,Red Lodge,2
Tripadvisor,Red Lodge,4
Tripadvisor,Red Lodge,5
Tripadvisor,Red Lodge,4
Tripadvisor,Red Lodge,4
Tripadvisor,Red Lodge,4
Tripadvisor,Red Lodge,4
Tripadvisor,Red Lodge,5
Tripadvisor,Red Lodge,3
Tripadvisor,Red Lodge,2
Tripadvisor,Red Lodge,5
Tripadvisor,Red Lodge,5
Tripadvisor,Red Lodge,5
Tripadvisor,Red Lodge,4
Tripadvisor,Red Lodge,4
Tripadvisor,Red Lodge,4
Tripadvisor,Red Lodge,3
Tripadvisor,Red Lodge,4
Tripadvisor,Red Lodge,4
Tripadvisor,Red Lodge,5
Tripadvisor,Red Lodge,3
Tripadvisor,Red Lodge,3
Tripadvisor,Red Lodge,3
Tripadvisor,Red Lodge,3
Tripadvisor,Red Lodge,3
Tripadvisor,Red Lodge,4
Tripadvisor,Red Lodge,5
Tripadvisor,Red Lodge,4
Tripadvisor,Red Lodge,5
Tripadvisor,Red Lodge,2
Tripadvisor,Red Lodge,2
Tripadvisor,Red Lodge,4
Tripadvisor,Red Lodge,3
Tripadvisor,Red Lodge,3
Tripadvisor,Red Lodge,4
Tripadvisor,Red Lodge,4
Tripadvisor,Red Lodge,4
Tripadvisor,Red Lodge,3
Tripadvisor,Red Lodge,5
Tripadvisor,Red Lodge,4
Tripadvisor,Discovery,4
Tripadvisor,Discovery,4
Tripadvisor,Discovery,3
Tripadvisor,Discovery,1
Tripadvisor,Discovery,5
Tripadvisor,Discovery,3
Tripadvisor,Discovery,3
Tripadvisor,Discovery,3
Tripadvisor,Discovery,4
Tripadvisor,Discovery,3
Tripadvisor,Discovery,1
Tripadvisor,Discovery,3
Tripadvisor,Discovery,5
Tripadvisor,Discovery,3
Tripadvisor,Discovery,5
Tripadvisor,Discovery,4
Tripadvisor,Discovery,3
Tripadvisor,Discovery,3
Tripadvisor,Discovery,4
Tripadvisor,Discovery,4
Tripadvisor,Discovery,4
Tripadvisor,Discovery,3
Tripadvisor,Discovery,3
Tripadvisor,Discovery,3
Tripadvisor,Discovery,5
Tripadvisor,Discovery,3
Tripadvisor,Discovery,4
Tripadvisor,Discovery,5
Tripadvisor,Discovery,4
Tripadvisor,Discovery,5
Tripadvisor,Discovery,3
Tripadvisor,Discovery,3
Tripadvisor,Discovery,4
Tripadvisor,Discovery,4
Tripadvisor,Discovery,5
Tripadvisor,Discovery,5
Tripadvisor,Discovery,5
Tripadvisor,Discovery,5
Tripadvisor,Discovery,5
Tripadvisor,Discovery,3
Tripadvisor,Discovery,3
Tripadvisor,Discovery,3
Tripadvisor,Discovery,4
Tripadvisor,Discovery,4
Tripadvisor,Discovery,4
Tripadvisor,Discovery,2
Tripadvisor,Discovery,3
Tripadvisor,Discovery,4
Tripadvisor,Discovery,5
Tripadvisor,Discovery,5
Tripadvisor,Discovery,5
Tripadvisor,Discovery,5
Tripadvisor,Discovery,5
Tripadvisor,Discovery,3
Tripadvisor,Discovery,3
Tripadvisor,Discovery,5
Tripadvisor,Discovery,5
Tripadvisor,Bridger,5
Tripadvisor,Bridger,5
Tripadvisor,Bridger,5
Tripadvisor,Bridger,4
Tripadvisor,Bridger,2
Tripadvisor,Bridger,4
Tripadvisor,Bridger,3
Tripadvisor,Bridger,4
Tripadvisor,Bridger,5
Tripadvisor,Bridger,4
Tripadvisor,Bridger,5
Tripadvisor,Bridger,3
Tripadvisor,Bridger,3
Tripadvisor,Bridger,5
Tripadvisor,Bridger,5
Tripadvisor,Bridger,5
Tripadvisor,Bridger,5
Tripadvisor,Bridger,5
Tripadvisor,Bridger,4
Tripadvisor,Bridger,3
Tripadvisor,Bridger,3
Tripadvisor,Bridger,3
Tripadvisor,Bridger,4
Tripadvisor,Bridger,5
Tripadvisor,Bridger,5
Tripadvisor,Bridger,5
Tripadvisor,Bridger,3
Tripadvisor,Bridger,3
Tripadvisor,Bridger,4
Tripadvisor,Bridger,4
Tripadvisor,Bridger,5
Tripadvisor,Bridger,5
Tripadvisor,Bridger,4
Tripadvisor,Bridger,5
Tripadvisor,Bridger,3
Tripadvisor,Bridger,3
Tripadvisor,Bridger,4
Tripadvisor,Bridger,3
Tripadvisor,Bridger,4
Tripadvisor,Bridger,5
Tripadvisor,Bridger,3
Tripadvisor,Bridger,3
Tripadvisor,Bridger,4
Tripadvisor,Bridger,5
Tripadvisor,Bridger,4
Tripadvisor,Bridger,5
Tripadvisor,Bridger,5
Tripadvisor,Bridger,4
Tripadvisor,Bridger,4
Tripadvisor,Bridger,3
Tripadvisor,Bridger,3
Tripadvisor,Bridger,3
Tripadvisor,Bridger,4
Tripadvisor,Bridger,4
Tripadvisor,Bridger,4
Tripadvisor,Bridger,4
Tripadvisor,Bridger,4
Tripadvisor,Bridger,5
Tripadvisor,Bridger,5
Tripadvisor,Bridger,5
Tripadvisor,Bridger,5
Tripadvisor,Bridger,3
Tripadvisor,Bridger,3
Tripadvisor,Bridger,5
Tripadvisor,Bridger,5
Tripadvisor,Bridger,4
Tripadvisor,Bridger,4
Tripadvisor,Bridger,4
Tripadvisor,Bridger,4
Tripadvisor,Bridger,5
Tripadvisor,Bridger,5
Tripadvisor,Bridger,5
Tripadvisor,Bridger,5
Tripadvisor,Bridger,4
Tripadvisor,Bridger,5
Tripadvisor,Bridger,4
Tripadvisor,Bridger,4
Tripadvisor,Bridger,4
Tripadvisor,Bridger,5
Tripadvisor,Bridger,5
Tripadvisor,Bridger,4
Tripadvisor,Bridger,5
Tripadvisor,Bridger,5
Tripadvisor,Bridger,5
Tripadvisor,Bridger,5
Tripadvisor,Bridger,3
Tripadvisor,Bridger,4
Tripadvisor,Bridger,4
Tripadvisor,Bridger,5
Tripadvisor,Bridger,5
Tripadvisor,Bridger,4
Tripadvisor,Bridger,5
Tripadvisor,Bridger,5
Tripadvisor,Bridger,4
Tripadvisor,Bridger,4
Tripadvisor,Bridger,3
Tripadvisor,Bridger,4
Tripadvisor,Bridger,2
Tripadvisor,Bridger,5
Tripadvisor,Bridger,5
Tripadvisor,Bridger,4
Tripadvisor,Bridger,5
Tripadvisor,Bridger,4
Tripadvisor,Bridger,5
Tripadvisor,Bridger,5
Tripadvisor,Bridger,4
Tripadvisor,Bridger,5
Tripadvisor,Bridger,5
Tripadvisor,Bridger,5
Tripadvisor,Bridger,5
Tripadvisor,Bridger,4
Tripadvisor,Bridger,3
Tripadvisor,Bridger,5
Tripadvisor,Bridger,4
Tripadvisor,Bridger,5
Tripadvisor,Bridger,5
Tripadvisor,Bridger,4
Tripadvisor,Bridger,5
Tripadvisor,Bridger,5
Tripadvisor,Bridger,5
Tripadvisor,Bridger,5
Tripadvisor,Bridger,5
Tripadvisor,Bridger,3
Tripadvisor,Bridger,3
Tripadvisor,Bridger,4
Tripadvisor,Bridger,4
Tripadvisor,Bridger,4
Tripadvisor,Bridger,5
Tripadvisor,Bridger,4
Tripadvisor,Bridger,5
Tripadvisor,Bridger,2
Tripadvisor,Bridger,3
Tripadvisor,Bridger,5
Tripadvisor,Bridger,5
Tripadvisor,Bridger,4
Tripadvisor,Bridger,4
Tripadvisor,Bridger,1
Tripadvisor,Bridger,4
Tripadvisor,Bridger,3
Tripadvisor,Bridger,3
Tripadvisor,Bridger,2
Tripadvisor,Bridger,3
Tripadvisor,Bridger,4
Tripadvisor,Bridger,5
Tripadvisor,Bridger,4
Tripadvisor,Bridger,4
Tripadvisor,Bridger,5
Tripadvisor,Bridger,4
Tripadvisor,Bridger,4
Tripadvisor,Bridger,4
Tripadvisor,Bridger,5
Tripadvisor,Bridger,3
Tripadvisor,Bridger,3
Tripadvisor,Bridger,4
Tripadvisor,Bridger,5
Tripadvisor,Bridger,3
Tripadvisor,Bridger,4
Tripadvisor,Bridger,5
Tripadvisor,Bridger,5
Tripadvisor,Bridger,5
Tripadvisor,Bridger,4
Tripadvisor,Bridger,3
Tripadvisor,Bridger,3
Tripadvisor,Bridger,4
Tripadvisor,Bridger,4
Tripadvisor,Bridger,3
Tripadvisor,Bridger,3
Tripadvisor,Bridger,3
Tripadvisor,Bridger,4
Tripadvisor,Bridger,5
Tripadvisor,Bridger,5
Tripadvisor,Bridger,4
Tripadvisor,Bridger,5
Tripadvisor,Bridger,5
Tripadvisor,Bridger,5
Tripadvisor,Bridger,5
Tripadvisor,Bridger,4
Tripadvisor,Bridger,4
Tripadvisor,Bridger,4
Tripadvisor,Bridger,5
Tripadvisor,Bridger,5
Tripadvisor,Bridger,4
Tripadvisor,Bridger,4
Tripadvisor,Bridger,3
Tripadvisor,Bridger,3
Tripadvisor,Bridger,4
Tripadvisor,Bridger,3
Tripadvisor,Bridger,4
Tripadvisor,Bridger,5
Tripadvisor,Bridger,4
Tripadvisor,Bridger,3
Tripadvisor,Bridger,3
Tripadvisor,Bridger,4
Tripadvisor,Bridger,3
Tripadvisor,Bridger,4
Tripadvisor,Bridger,4
Tripadvisor,Bridger,3
Tripadvisor,Bridger,4
Tripadvisor,Bridger,4
Tripadvisor,Bridger,5
Tripadvisor,Bridger,3
Tripadvisor,Bridger,5
Tripadvisor,Bridger,5
Tripadvisor,Bridger,5
Tripadvisor,Bridger,5
Tripadvisor,Bridger,3
Tripadvisor,Bridger,4
Tripadvisor,Bridger,3
Tripadvisor,Bridger,3
Tripadvisor,Bridger,4
Tripadvisor,Bridger,4
Tripadvisor,Bridger,5
Tripadvisor,Bridger,4
Tripadvisor,Bridger,3
Tripadvisor,Bridger,5
Tripadvisor,Bridger,5
Tripadvisor,Bridger,4
Tripadvisor,Bridger,5
Tripadvisor,Bridger,5
Tripadvisor,Bridger,5
Tripadvisor,Bridger,4
Tripadvisor,Bridger,3
Tripadvisor,Bridger,4
Tripadvisor,Bridger,4
Tripadvisor,Bridger,4
Tripadvisor,Bridger,4
Tripadvisor,Bridger,5
Tripadvisor,Bridger,5
Tripadvisor,Bridger,4
Tripadvisor,Bridger,4
Tripadvisor,Bridger,3
Tripadvisor,Bridger,3
Tripadvisor,Bridger,4
Tripadvisor,Bridger,4
Tripadvisor,Bridger,3
Tripadvisor,Bridger,4
Tripadvisor,Bridger,5
Tripadvisor,Bridger,4
Tripadvisor,Bridger,4
Tripadvisor,Bridger,4
Tripadvisor,Bridger,5
Tripadvisor,Bridger,4
Tripadvisor,Bridger,3
Tripadvisor,Bridger,3
Tripadvisor,Bridger,4
Tripadvisor,Bridger,3
Tripadvisor,Bridger,4
Tripadvisor,Bridger,5
Tripadvisor,Bridger,5
Tripadvisor,Bridger,3
Tripadvisor,Bridger,4
Tripadvisor,Bridger,4
Tripadvisor,Bridger,4
Tripadvisor,Bridger,4
Tripadvisor,Bridger,4
Tripadvisor,Bridger,4
Tripadvisor,Bridger,4
Tripadvisor,Bridger,5
Tripadvisor,Bridger,4
Tripadvisor,Bridger,3
Tripadvisor,Bridger,5
Tripadvisor,Bridger,4
Tripadvisor,Bridger,3
Tripadvisor,Bridger,3
Tripadvisor,Bridger,5
Tripadvisor,Bridger,3
Tripadvisor,Bridger,3
Tripadvisor,Bridger,5
Tripadvisor,Bridger,5
Tripadvisor,Bridger,5
Tripadvisor,Bridger,3
Tripadvisor,Bridger,5
Tripadvisor,Bridger,5
Tripadvisor,Bridger,4
Tripadvisor,Bridger,5
Tripadvisor,Bridger,5
Tripadvisor,Bridger,5
Tripadvisor,Bridger,4
Tripadvisor,Bridger,4
Tripadvisor,Bridger,4
Tripadvisor,Bridger,5
Tripadvisor,Bridger,4
Tripadvisor,Bridger,4
Tripadvisor,Bridger,5
Tripadvisor,Bridger,4
Tripadvisor,Bridger,4
Tripadvisor,Bridger,4
Tripadvisor,Bridger,4
Tripadvisor,Bridger,5
Tripadvisor,Bridger,5
Tripadvisor,Bridger,5
Tripadvisor,Bridger,3
Tripadvisor,Bridger,4
Tripadvisor,Bridger,5
Tripadvisor,Bridger,4
Tripadvisor,Bridger,5
Yelp,Snowbowl,5
Yelp,Snowbowl,5
Yelp,Snowbowl,5
Yelp,Snowbowl,5
Yelp,Snowbowl,3
Yelp,Snowbowl,4
Yelp,Snowbowl,1
Yelp,Snowbowl,4
Yelp,Snowbowl,5
Yelp,Snowbowl,5
Yelp,Snowbowl,4
Yelp,Snowbowl,5
Yelp,Snowbowl,3
Yelp,Snowbowl,4
Yelp,Showdown,5
Yelp,Showdown,5
Yelp,Showdown,5
Yelp,Showdown,5
Yelp,Showdown,5
Yelp,Red Lodge,4
Yelp,Red Lodge,2
Yelp,Red Lodge,4
Yelp,Red Lodge,3
Yelp,Red Lodge,2
Yelp,Red Lodge,3
Yelp,Red Lodge,4
Yelp,Discovery,5
Yelp,Discovery,1
Yelp,Discovery,2
Yelp,Discovery,5
Yelp,Discovery,5
Yelp,Discovery,5
Yelp,Discovery,5
Yelp,Discovery,1
Yelp,Discovery,2
Yelp,Discovery,1
Yelp,Discovery,5
Yelp,Discovery,1
Yelp,Discovery,4
Yelp,Whitefish,5
Yelp,Whitefish,5
Yelp,Whitefish,5
Yelp,Whitefish,3
Yelp,Whitefish,1
Yelp,Whitefish,2
Yelp,Whitefish,5
Yelp,Whitefish,5
Yelp,Whitefish,5
Yelp,Whitefish,5
Yelp,Whitefish,5
Yelp,Whitefish,4
Yelp,Whitefish,4
Yelp,Whitefish,1
Yelp,Whitefish,4
Yelp,Whitefish,5
Yelp,Whitefish,4
Yelp,Whitefish,5
Yelp,Whitefish,3
Yelp,Whitefish,5
Yelp,Whitefish,5
Yelp,Whitefish,1
Yelp,Whitefish,4
Yelp,Whitefish,5
Yelp,Whitefish,4
Yelp,Whitefish,3
Yelp,Whitefish,5
Yelp,Whitefish,4
Yelp,Whitefish,3
Yelp,Whitefish,5
Yelp,Whitefish,5
Yelp,Whitefish,5
Yelp,Whitefish,5
Yelp,Whitefish,5
Yelp,Whitefish,5
Yelp,Whitefish,5
Yelp,Whitefish,5
Yelp,Whitefish,5
Yelp,Whitefish,5
Yelp,Whitefish,1
Yelp,Whitefish,4
Yelp,Whitefish,5
Yelp,Whitefish,5
Yelp,Whitefish,5
Yelp,Whitefish,5
Yelp,Whitefish,5
Yelp,Whitefish,4
Yelp,Whitefish,5
Yelp,Whitefish,3
Yelp,Whitefish,3
Yelp,Whitefish,5
Yelp,Whitefish,5
Yelp,Whitefish,5
Yelp,Whitefish,5
Yelp,Whitefish,4
Yelp,Whitefish,4
Yelp,Whitefish,1
Yelp,Whitefish,4
Yelp,Bridger,5
Yelp,Bridger,3
Yelp,Bridger,5
Yelp,Bridger,2
Yelp,Bridger,5
Yelp,Bridger,1
Yelp,Bridger,5
Yelp,Bridger,5
Yelp,Bridger,4
Yelp,Bridger,5
Yelp,Bridger,5
Yelp,Bridger,5
Yelp,Bridger,1
Yelp,Bridger,5
Yelp,Bridger,5
Yelp,Bridger,5
Yelp,Bridger,5
Yelp,Bridger,4
Yelp,Bridger,1
Yelp,Bridger,5
Yelp,Bridger,5
Yelp,Bridger,5
Yelp,Bridger,5
Yelp,Bridger,5
Yelp,Bridger,4
Yelp,Bridger,3
Yelp,Bridger,5
Yelp,Bridger,5
Yelp,Bridger,4
On the Snow,Whitefish,1
On the Snow,Whitefish,5
On the Snow,Whitefish,5
On the Snow,Whitefish,5
On the Snow,Whitefish,5
On the Snow,Whitefish,4
On the Snow,Whitefish,4
On the Snow,Whitefish,5
On the Snow,Whitefish,3
On the Snow,Whitefish,1
On the Snow,Whitefish,5
On the Snow,Whitefish,5
On the Snow,Whitefish,5
On the Snow,Whitefish,4
On the Snow,Whitefish,5
On the Snow,Whitefish,5
On the Snow,Whitefish,5
On the Snow,Whitefish,3
On the Snow,Whitefish,2
On the Snow,Whitefish,5
On the Snow,Whitefish,5
On the Snow,Whitefish,5
On the Snow,Whitefish,5
On the Snow,Whitefish,4
On the Snow,Whitefish,4
On the Snow,Whitefish,4
On the Snow,Whitefish,5
On the Snow,Whitefish,5
On the Snow,Whitefish,5
On the Snow,Whitefish,5
On the Snow,Whitefish,5
On the Snow,Whitefish,5
On the Snow,Whitefish,5
On the Snow,Whitefish,4
On the Snow,Whitefish,4
On the Snow,Whitefish,5
On the Snow,Whitefish,4
On the Snow,Whitefish,5
On the Snow,Whitefish,2
On the Snow,Whitefish,4
On the Snow,Whitefish,4
On the Snow,Whitefish,4
On the Snow,Whitefish,2
On the Snow,Whitefish,5
On the Snow,Whitefish,5
On the Snow,Whitefish,4
On the Snow,Whitefish,4
On the Snow,Whitefish,4
On the Snow,Whitefish,5
On the Snow,Whitefish,2
On the Snow,Whitefish,4
On the Snow,Whitefish,2
On the Snow,Whitefish,5
On the Snow,Whitefish,4
On the Snow,Whitefish,2
On the Snow,Whitefish,5
On the Snow,Whitefish,5
On the Snow,Whitefish,2
On the Snow,Whitefish,5
On the Snow,Whitefish,4
On the Snow,Whitefish,5
On the Snow,Whitefish,4
On the Snow,Whitefish,5
On the Snow,Whitefish,5
On the Snow,Whitefish,5
On the Snow,Whitefish,4
On the Snow,Whitefish,5
On the Snow,Whitefish,1
On the Snow,Whitefish,5
On the Snow,Whitefish,2
On the Snow,Whitefish,5
On the Snow,Whitefish,2
On the Snow,Whitefish,4
On the Snow,Whitefish,3
On the Snow,Whitefish,4
On the Snow,Whitefish,1
On the Snow,Whitefish,5
On the Snow,Whitefish,5
On the Snow,Whitefish,5
On the Snow,Whitefish,5
On the Snow,Whitefish,4
On the Snow,Snowbowl,3
On the Snow,Snowbowl,5
On the Snow,Snowbowl,4
On the Snow,Snowbowl,4
On the Snow,Snowbowl,5
On the Snow,Snowbowl,5
On the Snow,Snowbowl,4
On the Snow,Snowbowl,3
On the Snow,Snowbowl,3
On the Snow,Snowbowl,5
On the Snow,Snowbowl,5
On the Snow,Snowbowl,5
On the Snow,Snowbowl,3
On the Snow,Snowbowl,3
On the Snow,Snowbowl,4
On the Snow,Snowbowl,1
On the Snow,Snowbowl,3
On the Snow,Snowbowl,5
On the Snow,Snowbowl,4
On the Snow,Snowbowl,3
On the Snow,Snowbowl,5
On the Snow,Snowbowl,4
On the Snow,Snowbowl,5
On the Snow,Snowbowl,3
On the Snow,Snowbowl,5
On the Snow,Snowbowl,4
On the Snow,Snowbowl,4
On the Snow,Snowbowl,5
On the Snow,Snowbowl,5
On the Snow,Bridger,5
On the Snow,Bridger,5
On the Snow,Bridger,5
On the Snow,Bridger,4
On the Snow,Bridger,5
On the Snow,Bridger,3
On the Snow,Bridger,1
On the Snow,Bridger,5
On the Snow,Bridger,5
On the Snow,Bridger,5
On the Snow,Bridger,4
On the Snow,Bridger,5
On the Snow,Bridger,5
On the Snow,Bridger,5
On the Snow,Bridger,5
On the Snow,Bridger,1
On the Snow,Bridger,4
On the Snow,Bridger,4
On the Snow,Bridger,5
On the Snow,Bridger,5
On the Snow,Bridger,5
On the Snow,Bridger,4
On the Snow,Bridger,5
On the Snow,Bridger,5
On the Snow,Bridger,4
On the Snow,Bridger,4
On the Snow,Bridger,5
On the Snow,Bridger,5
On the Snow,Bridger,5
On the Snow,Bridger,5
On the Snow,Bridger,5
On the Snow,Bridger,3
On the Snow,Bridger,5
On the Snow,Bridger,4
On the Snow,Bridger,3
On the Snow,Bridger,5
On the Snow,Bridger,5
On the Snow,Bridger,5
On the Snow,Bridger,5
On the Snow,Bridger,5
On the Snow,Bridger,4
On the Snow,Bridger,5
On the Snow,Bridger,3
On the Snow,Discovery,5
On the Snow,Discovery,5
On the Snow,Discovery,5
On the Snow,Discovery,5
On the Snow,Discovery,5
On the Snow,Discovery,4
On the Snow,Discovery,3
On the Snow,Discovery,5
On the Snow,Discovery,4
On the Snow,Discovery,5
On the Snow,Discovery,5
On the Snow,Discovery,5
On the Snow,Discovery,5
On the Snow,Discovery,4
On the Snow,Discovery,4
On the Snow,Discovery,5
On the Snow,Discovery,5
On the Snow,Discovery,5
On the Snow,Discovery,4
On the Snow,Discovery,4
On the Snow,Discovery,4
On the Snow,Discovery,4
On the Snow,Discovery,3
On the Snow,Discovery,5
On the Snow,Discovery,5
On the Snow,Discovery,5
On the Snow,Discovery,5
On the Snow,Discovery,5
On the Snow,Discovery,5
On the Snow,Discovery,5
On the Snow,Discovery,5
On the Snow,Discovery,4
On the Snow,Red Lodge,4
On the Snow,Red Lodge,5
On the Snow,Red Lodge,4
On the Snow,Red Lodge,5
On the Snow,Red Lodge,5
On the Snow,Red Lodge,1
On the Snow,Red Lodge,1
On the Snow,Red Lodge,1
On the Snow,Red Lodge,5
On the Snow,Red Lodge,5
On the Snow,Red Lodge,5
On the Snow,Red Lodge,1
On the Snow,Red Lodge,5
On the Snow,Red Lodge,5
On the Snow,Red Lodge,5
On the Snow,Red Lodge,4
On the Snow,Red Lodge,5
On the Snow,Red Lodge,4
On the Snow,Red Lodge,4
On the Snow,Red Lodge,5
On the Snow,Red Lodge,4
On the Snow,Red Lodge,5
On the Snow,Red Lodge,1
On the Snow,Red Lodge,4
On the Snow,Red Lodge,5
On the Snow,Red Lodge,5
On the Snow,Red Lodge,5
On the Snow,Red Lodge,4
On the Snow,Red Lodge,4
On the Snow,Red Lodge,4
On the Snow,Red Lodge,4
On the Snow,Red Lodge,1
On the Snow,Red Lodge,3
On the Snow,Red Lodge,4
On the Snow,Red Lodge,3
On the Snow,Red Lodge,3
On the Snow,Red Lodge,5
On the Snow,Red Lodge,4
On the Snow,Red Lodge,5
On the Snow,Red Lodge,4
On the Snow,Red Lodge,5
On the Snow,Red Lodge,5
On the Snow,Red Lodge,1
On the Snow,Showdown,5
On the Snow,Showdown,5
On the Snow,Showdown,5
On the Snow,Showdown,5
On the Snow,Showdown,3
On the Snow,Showdown,5
On the Snow,Showdown,5
On the Snow,Showdown,4
On the Snow,Showdown,4
On the Snow,Showdown,5
On the Snow,Showdown,4
On the Snow,Showdown,5
On the Snow,Showdown,5
On the Snow,Showdown,5
On the Snow,Showdown,5
On the Snow,Showdown,3
On the Snow,Showdown,5